{
    "0_tile_0_0": {
        "tile_shape": [
            10,
            256,
            256
        ],
        "mask_shape": [
            256,
            256
        ],
        "ndwi_min": 0.0,
        "ndwi_max": 109.76716899536487,
        "ndvi_min": 0.0,
        "ndvi_max": 161.71604898341715
    },
    "1_tile_0_256": {
        "tile_shape": [
            10,
            256,
            256
        ],
        "mask_shape": [
            256,
            256
        ],
        "ndwi_min": 0.0,
        "ndwi_max": 100.16385895840145,
        "ndvi_min": 0.0,
        "ndvi_max": 71.37513623623214
    },
    "2_tile_256_0": {
        "tile_shape": [
            10,
            256,
            256
        ],
        "mask_shape": [
            256,
            256
        ],
        "ndwi_min": 0.0,
        "ndwi_max": 87.65147441333582,
        "ndvi_min": 0.0,
        "ndvi_max": 62.513358718975795
    },
    "3_tile_256_256": {
        "tile_shape": [
            10,
            256,
            256
        ],
        "mask_shape": [
            256,
            256
        ],
        "ndwi_min": 0.0,
        "ndwi_max": 72.12582773496045,
        "ndvi_min": 0.0,
        "ndvi_max": 57.5518452921337
    }
}